Date,Value (USD per troy ounce)
2018-01-01,1307.01869
2018-01-02,1319.827953
2018-01-03,1311.501862
2018-01-04,1321.635371
2018-01-05,1319.589185
2018-01-06,1319.478806
2018-01-07,1319.426577
2018-01-08,1318.800364
2018-01-09,1311.195502
2018-01-10,1317.395193
2018-01-11,1322.660837
2018-01-12,1337.652891
2018-01-13,1337.652891
2018-01-14,1337.01458
2018-01-15,1341.19089
2018-01-16,1339.960096
2018-01-17,1328.091468
2018-01-18,1327.7199
2018-01-19,1331.532251
2018-01-20,1331.593385
2018-01-21,1334.926345
2018-01-22,1333.419972
2018-01-23,1341.749625
2018-01-24,1357.055738
2018-01-25,1347.356363
2018-01-26,1349.866224
2018-01-27,1349.919342
2018-01-28,1351.250921
2018-01-29,1340.999334
2018-01-30,1338.488123
2018-01-31,1345.297334
2018-02-01,1348.293842
2018-02-02,1333.112586
2018-02-03,1333.208901
2018-02-04,1333.03118
2018-02-05,1339.525585
2018-02-06,1324.943874
2018-02-07,1318.85406
2018-02-08,1321.225566
2018-02-09,1316.286514
2018-02-10,1316.159891
2018-02-11,1316.092521
2018-02-12,1322.725057
2018-02-13,1330.973405
2018-02-14,1352.595608
2018-02-15,1353.461371
2018-02-16,1347.593354
2018-02-17,1347.590022
2018-02-18,1347.945058
2018-02-19,1345.870276
2018-02-20,1329.72963
2018-02-21,1325.605418
2018-02-22,1330.676653
2018-02-23,1329.175049
2018-02-24,1329.327626
2018-02-25,1328.479953
2018-02-26,1332.314099
2018-02-27,1317.734428
2018-02-28,1317.551342
2018-03-01,1316.935413
2018-03-02,1322.475869
2018-03-03,1322.628857
2018-03-04,1322.978819
2018-03-05,1320.664083
2018-03-06,1337.404111
2018-03-07,1324.855447
2018-03-08,1321.316669
2018-03-09,1323.280851
2018-03-10,1323.10135
2018-03-11,1322.978819
2018-03-12,1324.08697
2018-03-13,1326.226857
2018-03-14,1324.804601
2018-03-15,1315.859153
2018-03-16,1313.666506
2018-03-17,1314.000013
2018-03-18,1312.766656
2018-03-19,1317.074659
2018-03-20,1310.520337
2018-03-21,1331.821868
2018-03-22,1331.585514
2018-03-23,1347.210926
2018-03-24,1347.436502
2018-03-25,1348.026826
2018-03-26,1353.078949
2018-03-27,1345.197352
2018-03-28,1325.820826
2018-03-29,1324.662967
2018-03-30,1323.103095
2018-03-31,1322.655098
2018-04-01,1326.462259
2018-04-02,1341.648934
2018-04-03,1333.026912
2018-04-04,1333.262191
2018-04-05,1329.496989
2018-04-06,1333.144052
2018-04-07,1333.271114
2018-04-08,1332.968988
2018-04-09,1336.454201
2018-04-10,1341.08767
2018-04-11,1353.028944
2018-04-12,1337.220911
2018-04-13,1345.388676
2018-04-14,1345.578094
2018-04-15,1343.995699
2018-04-16,1347.160565
2018-04-17,1346.40235
2018-04-18,1350.308932
2018-04-19,1345.19202
2018-04-20,1335.802603
2018-04-21,1336.344563
2018-04-22,1333.217788
2018-04-23,1324.300422
2018-04-24,1331.196649
2018-04-25,1322.866673
2018-04-26,1317.499546
2018-04-27,1323.14926
2018-04-28,1323.223903
2018-04-29,1323.092597
2018-04-30,1315.313429
2018-05-01,1304.871775
2018-05-02,1305.300844
2018-05-03,1312.159802
2018-05-04,1315.13264
2018-05-05,1315.374092
2018-05-06,1314.39725
2018-05-07,1315.177256
2018-05-08,1315.420996
2018-05-09,1312.414717
2018-05-10,1321.069964
2018-05-11,1318.461358
2018-05-12,1318.852335
2018-05-13,1319.774846
2018-05-14,1313.432666
2018-05-15,1298.932068
2018-05-16,1291.326973
2018-05-17,1289.982026
2018-05-18,1292.260439
2018-05-19,1292.640995
2018-05-20,1291.57249
2018-05-21,1292.273431
2018-05-22,1292.991236
2018-05-23,1294.478718
2018-05-24,1304.798911
2018-05-25,1301.033537
2018-05-26,1300.965316
2018-05-27,1298.726599
2018-05-28,1298.181954
2018-05-29,1300.734179
2018-05-30,1301.918455
2018-05-31,1299.312419
2018-06-01,1293.158768
2018-06-02,1293.368254
2018-06-03,1293.259531
2018-06-04,1291.719584
2018-06-05,1296.559605
2018-06-06,1296.829071
2018-06-07,1297.04125
2018-06-08,1298.473068
2018-06-09,1298.709732
2018-06-10,1298.971215
2018-06-11,1298.889865
2018-06-12,1295.498426
2018-06-13,1299.146006
2018-06-14,1302.128856
2018-06-15,1279.830269
2018-06-16,1280.245807
2018-06-17,1280.713101
2018-06-18,1279.913869
2018-06-19,1275.026941
2018-06-20,1268.772459
2018-06-21,1267.210676
2018-06-22,1268.982449
2018-06-23,1269.228817
2018-06-24,1270.890259
2018-06-25,1265.607133
2018-06-26,1258.252903
2018-06-27,1252.581078
2018-06-28,1248.341212
2018-06-29,1252.744247
2018-06-30,1252.991517
2018-07-01,1253.305594
2018-07-02,1242.027557
2018-07-03,1254.050713
2018-07-04,1256.485778
2018-07-05,1257.520945
2018-07-06,1254.631157
2018-07-07,1254.846846
2018-07-08,1256.391894
2018-07-09,1257.898108
2018-07-10,1255.930742
2018-07-11,1242.267612
2018-07-12,1246.042488
2018-07-13,1241.068561
2018-07-14,1241.102844
2018-07-15,1240.964229
2018-07-16,1240.522363
2018-07-17,1227.116212
2018-07-18,1226.95641
2018-07-19,1223.310012
2018-07-20,1231.580891
2018-07-21,1231.686363
2018-07-22,1232.969607
2018-07-23,1224.153351
2018-07-24,1224.958103
2018-07-25,1232.446818
2018-07-26,1223.48612
2018-07-27,1222.772153
2018-07-28,1227.317636
2018-07-29,1222.516305
2018-07-30,1222.095666
2018-07-31,1223.856654
2018-08-01,1217.135578
2018-08-02,1207.896648
2018-08-03,1213.37041
2018-08-04,1213.540687
2018-08-05,1214.985633
2018-08-06,1207.98787
2018-08-07,1211.754316
2018-08-08,1213.392748
2018-08-09,1212.09529
2018-08-10,1210.919526
2018-08-11,1210.954293
2018-08-12,1212.253458
2018-08-13,1193.163473
2018-08-14,1193.640023
2018-08-15,1178.81173
2018-08-16,1178.569809
2018-08-17,1185.445105
2018-08-18,1231.527094
2018-08-19,1230.769231
2018-08-20,1190.648124
2018-08-21,1196.011925
2018-08-22,1195.479623
2018-08-23,1184.783198
2018-08-24,1205.963775
2018-08-25,1206.17077
2018-08-26,1207.634666
2018-08-27,1210.884657
2018-08-28,1201.862147
2018-08-29,1207.059526
2018-08-30,1200.225362
2018-08-31,1200.881574
2018-09-01,1200.797329
2018-09-02,1199.127036
2018-09-03,1200.573563
2018-09-04,1191.69126
2018-09-05,1197.02624
2018-09-06,1200.47871
2018-09-07,1195.825105
2018-09-08,1196.057794
2018-09-09,1196.208021
2018-09-10,1195.095802
2018-09-11,1197.433563
2018-09-12,1205.993439
2018-09-13,1201.587294
2018-09-14,1193.409889
2018-09-15,1193.45984
2018-09-16,1193.402869
2018-09-17,1199.349741
2018-09-18,1198.755036
2018-09-19,1203.666553
2018-09-20,1207.294383
2018-09-21,1199.205762
2018-09-22,1199.263652
2018-09-23,1197.834316
2018-09-24,1198.968778
2018-09-25,1201.378285
2018-09-26,1195.596006
2018-09-27,1183.183098
2018-09-28,1191.902463
2018-09-29,1192.008773
2018-09-30,1190.738436
2018-10-01,1188.607345
2018-10-02,1204.883973
2018-10-03,1197.524608
2018-10-04,1199.156974
2018-10-05,1202.908435
2018-10-06,1203.137783
2018-10-07,1203.622905
2018-10-08,1189.588637
2018-10-09,1189.865836
2018-10-10,1194.434653
2018-10-11,1222.004029
2018-10-12,1217.885873
2018-10-13,1218.063887
2018-10-14,1219.415534
2018-10-15,1226.802404
2018-10-16,1224.848031
2018-10-17,1222.362814
2018-10-18,1225.475245
2018-10-19,1226.445181
2018-10-20,1226.737981
2018-10-21,1227.174553
2018-10-22,1222.112677
2018-10-23,1230.902659
2018-10-24,1234.446651
2018-10-25,1231.662631
2018-10-26,1233.812279
2018-10-27,1234.133669
2018-10-28,1232.969607
2018-10-29,1229.856994
2018-10-30,1222.575744
2018-10-31,1215.624053
2018-11-01,1232.984007
2018-11-02,1232.851958
2018-11-03,1233.038021
2018-11-04,1234.324084
2018-11-05,1231.245524
2018-11-06,1227.075167
2018-11-07,1225.780455
2018-11-08,1223.557226
2018-11-09,1209.34767
2018-11-10,1209.416517
2018-11-11,1210.7417
2018-11-12,1201.595358
2018-11-13,1202.817267
2018-11-14,1210.877092
2018-11-15,1213.51198
2018-11-16,1221.230205
2018-11-17,1221.220208
2018-11-18,1222.568617
2018-11-19,1224.046734
2018-11-20,1221.302689
2018-11-21,1225.760248
2018-11-22,1227.051459
2018-11-23,1222.700133
2018-11-24,1222.830241
2018-11-25,1224.207479
2018-11-26,1222.477377
2018-11-27,1214.657052
2018-11-28,1221.045602
2018-11-29,1223.983285
2018-11-30,1222.234413
2018-12-01,1222.411696
2018-12-02,1222.284695
2018-12-03,1231.275539
2018-12-04,1238.701974
2018-12-05,1237.785191
2018-12-06,1237.608964
2018-12-07,1248.268916
2018-12-08,1248.285597
2018-12-09,1248.759046
2018-12-10,1244.168427
2018-12-11,1243.285056
2018-12-12,1246.160334
2018-12-13,1242.28022
2018-12-14,1238.10585
2018-12-15,1238.098776
2018-12-16,1237.378737
2018-12-17,1245.684616
2018-12-18,1249.596662
2018-12-19,1243.704391
2018-12-20,1261.462492
2018-12-21,1255.992624
2018-12-22,1256.028939
2018-12-23,1259.20003
2018-12-24,1268.912672
2018-12-25,1268.23886
2018-12-26,1268.408689
2018-12-27,1274.597737
2018-12-28,1280.638596
2018-12-29,1280.622895
2018-12-30,1280.139279
2018-12-31,1281.997982
2019-01-01,1281.291389
2019-01-02,1285.33184
2019-01-03,1294.73274
2019-01-04,1285.048034
2019-01-05,1285.157078
2019-01-06,1284.010221
2019-01-07,1288.738435
2019-01-08,1285.192331
2019-01-09,1293.234277
2019-01-10,1287.674352
2019-01-11,1287.344231
2019-01-12,1287.266361
2019-01-13,1288.435646
2019-01-14,1291.761785
2019-01-15,1289.756324
2019-01-16,1293.364255
2019-01-17,1291.926562
2019-01-18,1281.595003
2019-01-19,1281.541625
2019-01-20,1282.380097
2019-01-21,1279.930661
2019-01-22,1284.83058
2019-01-23,1283.15067
2019-01-24,1281.340328
2019-01-25,1303.255778
2019-01-26,1303.313675
2019-01-27,1300.25485
2019-01-28,1303.736279
2019-01-29,1311.099153
2019-01-30,1319.367341
2019-01-31,1320.88502
2019-02-01,1317.745527
2019-02-02,1317.65326
2019-02-03,1317.375524
2019-02-04,1311.942654
2019-02-05,1314.685144
2019-02-06,1306.683466
2019-02-07,1310.351917
2019-02-08,1314.065743
2019-02-09,1314.103617
2019-02-10,1313.896426
2019-02-11,1307.75136
2019-02-12,1310.546306
2019-02-13,1307.003637
2019-02-14,1312.269155
2019-02-15,1321.122323
2019-02-16,1321.178491
2019-02-17,1321.108674
2019-02-18,1326.293654
2019-02-19,1340.418086
2019-02-20,1339.826905
2019-02-21,1325.091231
2019-02-22,1327.852829
2019-02-23,1327.924255
2019-02-24,1327.871356
2019-02-25,1327.542079
2019-02-26,1329.183536
2019-02-27,1320.672161
2019-02-28,1313.685334
2019-03-01,1293.544786
2019-03-02,1293.548288
2019-03-03,1295.328398
2019-03-04,1286.860997
2019-03-05,1287.950502
2019-03-06,1286.886811
2019-03-07,1285.638733
2019-03-08,1298.352773
2019-03-09,1298.524227
2019-03-10,1297.185108
2019-03-11,1292.870772
2019-03-12,1301.969887
2019-03-13,1309.155025
2019-03-14,1296.380391
2019-03-15,1301.787995
2019-03-16,1302.117243
2019-03-17,1300.525412
2019-03-18,1303.574323
2019-03-19,1306.016724
2019-03-20,1314.516108
2019-03-21,1308.922042
2019-03-22,1313.525818
2019-03-23,1313.723816
2019-03-24,1312.120715
2019-03-25,1321.536938
2019-03-26,1315.908674
2019-03-27,1309.275498
2019-03-28,1291.259135
2019-03-29,1292.004287
2019-03-30,1292.056437
2019-03-31,1291.881173
2019-04-01,1287.288285
2019-04-02,1292.198481
2019-04-03,1291.216062
2019-04-04,1292.112681
2019-04-05,1291.587291
2019-04-06,1291.730984
2019-04-07,1291.914553
2019-04-08,1297.986591
2019-04-09,1304.530005
2019-04-10,1308.280725
2019-04-11,1292.213834
2019-04-12,1290.276076
2019-04-13,1290.414158
2019-04-14,1290.089532
2019-04-15,1288.262692
2019-04-16,1276.658403
2019-04-17,1273.972133
2019-04-18,1275.397645
2019-04-19,1274.70982
2019-04-20,1275.591556
2019-04-21,1277.008735
2019-04-22,1274.97154
2019-04-23,1271.972895
2019-04-24,1275.093667
2019-04-25,1278.15345
2019-04-26,1285.801158
2019-04-27,1285.776738
2019-04-28,1285.644494
2019-04-29,1280.172189
2019-04-30,1283.433079
2019-05-01,1276.877698
2019-05-02,1270.593238
2019-05-03,1278.877278
2019-05-04,1278.845969
2019-05-05,1284.001977
2019-05-06,1281.68199
2019-05-07,1284.85475
2019-05-08,1281.341262
2019-05-09,1283.733337
2019-05-10,1285.558043
2019-05-11,1285.537065
2019-05-12,1287.142094
2019-05-13,1301.052788
2019-05-14,1297.042769
2019-05-15,1296.66484
2019-05-16,1285.907254
2019-05-17,1277.26243
2019-05-18,1277.318653
2019-05-19,1277.465508
2019-05-20,1277.382869
2019-05-21,1274.451993
2019-05-22,1273.868699
2019-05-23,1283.668016
2019-05-24,1284.997348
2019-05-25,1285.173595
2019-05-26,1285.024962
2019-05-27,1285.335337
2019-05-28,1279.812075
2019-05-29,1279.864253
2019-05-30,1289.692303
2019-05-31,1305.411024
2019-06-01,1305.49155
2019-06-02,1309.131849
2019-06-03,1325.423201
2019-06-04,1325.524323
2019-06-05,1330.793534
2019-06-06,1333.904893
2019-06-07,1340.457646
2019-06-08,1340.536483
2019-06-09,1335.175876
2019-06-10,1328.965363
2019-06-11,1327.462285
2019-06-12,1333.37629
2019-06-13,1343.541714
2019-06-14,1341.118561
2019-06-15,1341.012867
2019-06-16,1338.74185
2019-06-17,1339.849728
2019-06-18,1345.84195
2019-06-19,1358.828329
2019-06-20,1389.902161
2019-06-21,1398.852374
2019-06-22,1398.953583
2019-06-23,1406.885297
2019-06-24,1423.016819
2019-06-25,1420.014305
2019-06-26,1409.899811
2019-06-27,1410.316428
2019-06-28,1409.765929
2019-06-29,1410.09913
2019-06-30,1392.534622
2019-07-01,1384.894832
2019-07-02,1426.708758
2019-07-03,1418.486557
2019-07-04,1418.876516
2019-07-05,1399.100131
2019-07-06,1398.875304
2019-07-07,1396.219039
2019-07-08,1394.775929
2019-07-09,1395.965705
2019-07-10,1421.126771
2019-07-11,1404.031833
2019-07-12,1415.757714
2019-07-13,1415.889108
2019-07-14,1416.350348
2019-07-15,1415.238759
2019-07-16,1405.262168
2019-07-17,1425.335689
2019-07-18,1443.999579
2019-07-19,1424.867648
2019-07-20,1424.846473
2019-07-21,1424.79572
2019-07-22,1424.330788
2019-07-23,1416.837797
2019-07-24,1425.23188
2019-07-25,1414.57484
2019-07-26,1418.362945
2019-07-27,1418.389419
2019-07-28,1420.323408
2019-07-29,1425.255657
2019-07-30,1430.705626
2019-07-31,1412.702928
2019-08-01,1440.711042
2019-08-02,1440.67648
2019-08-03,1440.787246
2019-08-04,1439.232026
2019-08-05,1470.857324
2019-08-06,1475.988696
2019-08-07,1501.267595
2019-08-08,1502.699851
2019-08-09,1497.062706
2019-08-10,1497.174084
2019-08-11,1501.354973
2019-08-12,1512.07735
2019-08-13,1501.23072
2019-08-14,1516.841779
2019-08-15,1524.965035
2019-08-16,1513.400354
2019-08-17,1513.225592
2019-08-18,1510.037977
2019-08-19,1496.105397
2019-08-20,1506.382496
2019-08-21,1502.818565
2019-08-22,1497.731334
2019-08-23,1526.503882
2019-08-24,1526.705903
2019-08-25,1547.748027
2019-08-26,1527.893223
2019-08-27,1543.009578
2019-08-28,1538.72428
2019-08-29,1528.329618
2019-08-30,1520.812573
2019-08-31,1521.294317
2019-09-01,1529.145513
2019-09-02,1527.798632
2019-09-03,1548.796547
2019-09-04,1552.180728
2019-09-05,1518.330416
2019-09-06,1507.081678
2019-09-07,1507.27259
2019-09-08,1505.910699
2019-09-09,1497.620874
2019-09-10,1486.934297
2019-09-11,1494.292676
2019-09-12,1497.884279
2019-09-13,1488.383292
2019-09-14,1488.349941
2019-09-15,1506.114826
2019-09-16,1497.602856
2019-09-17,1501.516291
2019-09-18,1491.720291
2019-09-19,1499.316756
2019-09-20,1516.963878
2019-09-21,1517.07084
2019-09-22,1514.807241
2019-09-23,1521.623405
2019-09-24,1531.661949
2019-09-25,1505.431479
2019-09-26,1506.071702
2019-09-27,1496.89464
2019-09-28,1497.062016
2019-09-29,1496.669909
2019-09-30,1472.820695
2019-10-01,1480.622661
2019-10-02,1499.538354
2019-10-03,1507.149753
2019-10-04,1504.205063
2019-10-05,1504.132604
2019-10-06,1508.307001
2019-10-07,1492.666987
2019-10-08,1507.449016
2019-10-09,1511.662929
2019-10-10,1494.288796
2019-10-11,1488.81988
2019-10-12,1488.50502
2019-10-13,1485.332343
2019-10-14,1492.223946
2019-10-15,1481.469833
2019-10-16,1489.939311
2019-10-17,1492.35686
2019-10-18,1490.214224
2019-10-19,1490.246338
2019-10-20,1492.169839
2019-10-21,1484.053147
2019-10-22,1488.219904
2019-10-23,1492.196798
2019-10-24,1503.273118
2019-10-25,1504.16823
2019-10-26,1504.087357
2019-10-27,1503.917706
2019-10-28,1492.261515
2019-10-29,1487.627325
2019-10-30,1495.113335
2019-10-31,1512.753537
2019-11-01,1513.43296
2019-11-02,1513.374447
2019-11-03,1512.882192
2019-11-04,1507.350905
2019-11-05,1483.999189
2019-11-06,1490.336747
2019-11-07,1468.348598
2019-11-08,1458.342697
2019-11-09,1458.310547
2019-11-10,1461.560947
2019-11-11,1455.676054
2019-11-12,1457.720455
2019-11-13,1463.566572
2019-11-14,1469.023407
2019-11-15,1467.222654
2019-11-16,1467.459095
2019-11-17,1468.795441
2019-11-18,1471.336539
2019-11-19,1474.439065
2019-11-20,1474.329573
2019-11-21,1464.545657
2019-11-22,1462.363287
2019-11-23,1462.170007
2019-11-24,1460.173761
2019-11-25,1453.829373
2019-11-26,1460.489294
2019-11-27,1457.378626
2019-11-28,1456.036346
2019-11-29,1464.045434
2019-11-30,1464.043101
2019-12-01,1461.977617
2019-12-02,1462.448752
2019-12-03,1477.092023
2019-12-04,1475.366289
2019-12-05,1476.380296
2019-12-06,1460.237841
2019-12-07,1459.981896
2019-12-08,1459.949924
2019-12-09,1461.428623
2019-12-10,1464.17634
2019-12-11,1474.734404
2019-12-12,1465.716932
2019-12-13,1475.640018
2019-12-14,1475.285283
2019-12-15,1474.567399
2019-12-16,1475.12709
2019-12-17,1475.461926
2019-12-18,1475.522161
2019-12-19,1478.864133
2019-12-20,1478.363962
2019-12-21,1478.721202
2019-12-22,1478.939896
2019-12-23,1485.695686
2019-12-24,1498.990668
2019-12-25,1499.396493
2019-12-26,1510.946191
2019-12-27,1510.733397
2019-12-28,1510.825062
2019-12-29,1513.202694
2019-12-30,1515.151759
2019-12-31,1518.23265
2020-01-01,1519.075794
2020-01-02,1528.745613
2020-01-03,1550.407994
2020-01-04,1551.313575
2020-01-05,1569.538399
2020-01-06,1564.52144
2020-01-07,1587.264043
2020-01-08,1557.635795
2020-01-09,1552.42243
2020-01-10,1561.611549
2020-01-11,1562.268101
2020-01-12,1559.685256
2020-01-13,1546.167161
2020-01-14,1549.977391
2020-01-15,1555.843765
2020-01-16,1552.311198
2020-01-17,1557.164941
2020-01-18,1557.462582
2020-01-19,1557.401942
2020-01-20,1561.591266
2020-01-21,1556.85876
2020-01-22,1560.855245
2020-01-23,1561.37367
2020-01-24,1570.989541
2020-01-25,1570.709411
2020-01-26,1582.153311
2020-01-27,1581.69358
2020-01-28,1567.277996
2020-01-29,1577.064003
2020-01-30,1574.640885
2020-01-31,1588.52205
2020-02-01,1589.610307
2020-02-02,1589.711388
2020-02-03,1578.259881
2020-02-04,1553.838988
2020-02-05,1555.906612
2020-02-06,1565.801809
2020-02-07,1570.103266
2020-02-08,1570.12985
2020-02-09,1574.80315
2020-02-10,1572.094044
2020-02-11,1567.339902
2020-02-12,1568.287738
2020-02-13,1576.955822
2020-02-14,1584.32937
2020-02-15,1584.334104
2020-02-16,1582.691684
2020-02-17,1584.509832
2020-02-18,1600.879173
2020-02-19,1610.721238
2020-02-20,1621.69129
2020-02-21,1643.9249
2020-02-22,1644.182471
2020-02-23,1666.236222
2020-02-24,1655.696466
2020-02-25,1638.215532
2020-02-26,1642.661996
2020-02-27,1644.086109
2020-02-28,1585.323425
2020-02-29,1585.615298
2020-03-01,1585.539876
2020-03-02,1592.212225
2020-03-03,1645.32634
2020-03-04,1636.511638
2020-03-05,1673.871851
2020-03-06,1674.41676
2020-03-07,1674.775371
2020-03-08,1700.26099
2020-03-09,1666.625926
2020-03-10,1652.581137
2020-03-11,1642.799303
2020-03-12,1576.574925
2020-03-13,1529.262586
2020-03-14,1529.168897
2020-03-15,1557.960007
2020-03-16,1507.208887
2020-03-17,1539.384783
2020-03-18,1496.744501
2020-03-19,1470.604224
2020-03-20,1497.576525
2020-03-21,1497.689813
2020-03-22,1492.347986
2020-03-23,1562.524697
2020-03-24,1635.123723
2020-03-25,1610.005329
2020-03-26,1625.189966
2020-03-27,1622.508267
2020-03-28,1622.11264
2020-03-29,1626.677511
2020-03-30,1616.526582
2020-03-31,1576.576712
2020-04-01,1591.682903
2020-04-02,1612.868907
2020-04-03,1619.38883
2020-04-04,1619.433198
2020-04-05,1618.620612
2020-04-06,1663.695046
2020-04-07,1648.698493
2020-04-08,1646.932464
2020-04-09,1683.702265
2020-04-10,1686.141602
2020-04-11,1686.141602
2020-04-12,1687.151498
2020-04-13,1717.117305
2020-04-14,1726.219154
2020-04-15,1716.269463
2020-04-16,1714.988842
2020-04-17,1684.250271
2020-04-18,1684.125434
2020-04-19,1676.909791
2020-04-20,1692.024568
2020-04-21,1687.585947
2020-04-22,1712.497371
2020-04-23,1729.036233
2020-04-24,1728.040456
2020-04-25,1728.085713
2020-04-26,1724.70292
2020-04-27,1711.076854
2020-04-28,1705.301917
2020-04-29,1714.72428
2020-04-30,1685.82304
2020-05-01,1700.063918
2020-05-02,1700.535669
2020-05-03,1698.744628
2020-05-04,1702.970709
2020-05-05,1704.527108
2020-05-06,1688.304039
2020-05-07,1715.81793
2020-05-08,1702.146524
2020-05-09,1702.895774
2020-05-10,1706.644822
2020-05-11,1697.255729
2020-05-12,1702.634479
2020-05-13,1717.434182
2020-05-14,1732.854718
2020-05-15,1742.952707
2020-05-16,1743.755177
2020-05-17,1757.979027
2020-05-18,1734.410922
2020-05-19,1745.071234
2020-05-20,1747.899316
2020-05-21,1726.351845
2020-05-22,1735.452977
2020-05-23,1735.779625
2020-05-24,1730.552912
2020-05-25,1727.777571
2020-05-26,1712.144395
2020-05-27,1710.736655
2020-05-28,1720.182038
2020-05-29,1729.691243
2020-05-30,1731.391866
2020-05-31,1739.47833
2020-06-01,1742.165766
2020-06-02,1727.560445
2020-06-03,1699.845649
2020-06-04,1713.081103
2020-06-05,1684.140388
2020-06-06,1683.685925
2020-06-07,1681.194993
2020-06-08,1697.932409
2020-06-09,1713.873814
2020-06-10,1735.47982
2020-06-11,1728.00627
2020-06-12,1731.317642
2020-06-13,1731.676696
2020-06-14,1732.801941
2020-06-15,1724.643695
2020-06-16,1726.818056
2020-06-17,1727.932245
2020-06-18,1723.442853
2020-06-19,1742.874075
2020-06-20,1742.889013
2020-06-21,1748.802071
2020-06-22,1754.791807
2020-06-23,1768.495992
2020-06-24,1762.455861
2020-06-25,1764.713972
2020-06-26,1770.586661
2020-06-27,1770.569592
2020-06-28,1770.663645
2020-06-29,1773.110224
2020-06-30,1783.389959
2020-07-01,1768.174355
2020-07-02,1775.707501
2020-07-03,1775.741594
2020-07-04,1775.741594
2020-07-05,1775.867733
2020-07-06,1785.060508
2020-07-07,1794.986206
2020-07-08,1808.828969
2020-07-09,1804.404537
2020-07-10,1798.906444
2020-07-11,1798.884691
2020-07-12,1801.0392
2020-07-13,1801.988433
2020-07-14,1808.480511
2020-07-15,1812.023755
2020-07-16,1797.874675
2020-07-17,1810.437763
2020-07-18,1810.806896
2020-07-19,1808.759824
2020-07-20,1818.159931
2020-07-21,1842.427433
2020-07-22,1869.398626
2020-07-23,1885.262882
2020-07-24,1901.242078
2020-07-25,1901.375645
2020-07-26,1912.942009
2020-07-27,1957.271908
2020-07-28,1957.313503
2020-07-29,1968.454301
2020-07-30,1957.835699
2020-07-31,1974.260839
2020-08-01,1974.041356
2020-08-02,1981.159176
2020-08-03,1975.204887
2020-08-04,2028.344655
2020-08-05,2036.45203
2020-08-06,2069.524056
2020-08-07,2034.142462
2020-08-08,2033.863833
2020-08-09,2027.842274
2020-08-10,2028.684586
2020-08-11,1911.467672
2020-08-12,1922.224291
2020-08-13,1958.092722
2020-08-14,1944.517153
2020-08-15,1944.900956
2020-08-16,1933.974123
2020-08-17,1984.462858
2020-08-18,2003.455811
2020-08-19,1929.200604
2020-08-20,1949.148009
2020-08-21,1939.19678
2020-08-22,1939.093086
2020-08-23,1934.666318
2020-08-24,1931.026381
2020-08-25,1929.411369
2020-08-26,1953.412376
2020-08-27,1927.94928
2020-08-28,1964.626989
2020-08-29,1964.694441
2020-08-30,1972.98977
2020-08-31,1968.686545
2020-09-01,1971.702448
2020-09-02,1944.329245
2020-09-03,1928.94384
2020-09-04,1933.403512
2020-09-05,1933.880622
2020-09-06,1934.404349
2020-09-07,1930.053509
2020-09-08,1930.656457
2020-09-09,1947.79704
2020-09-10,1947.846547
2020-09-11,1941.2253
2020-09-12,1941.08798
2020-09-13,1942.27557
2020-09-14,1956.907618
2020-09-15,1954.190011
2020-09-16,1959.988006
2020-09-17,1946.353294
2020-09-18,1949.797488
2020-09-19,1949.849862
2020-09-20,1948.956821
2020-09-21,1915.162539
2020-09-22,1902.810852
2020-09-23,1857.941481
2020-09-24,1868.388719
2020-09-25,1861.19233
2020-09-26,1861.764021
2020-09-27,1862.457513
2020-09-28,1882.182637
2020-09-29,1897.465448
2020-09-30,1886.673585
2020-10-01,1904.519019
2020-10-02,1899.833018
2020-10-03,1900.400034
2020-10-04,1903.927803
2020-10-05,1912.45175
2020-10-06,1878.99377
2020-10-07,1887.030989
2020-10-08,1894.110839
2020-10-09,1930.082399
2020-10-10,1930.408764
2020-10-11,1929.868576
2020-10-12,1924.538817
2020-10-13,1892.682826
2020-10-14,1898.926236
2020-10-15,1906.350694
2020-10-16,1898.588463
2020-10-17,1898.397752
2020-10-18,1900.996122
2020-10-19,1904.053823
2020-10-20,1909.766163
2020-10-21,1923.018904
2020-10-22,1904.630698
2020-10-23,1901.218056
2020-10-24,1901.429875
2020-10-25,1898.055442
2020-10-26,1901.722774
2020-10-27,1905.632326
2020-10-28,1878.795773
2020-10-29,1868.3091
2020-10-30,1878.845127
2020-10-31,1879.29301
2020-11-01,1876.436647
2020-11-02,1894.695473
2020-11-03,1911.570561
2020-11-04,1904.292672
2020-11-05,1946.573701
2020-11-06,1952.027349
2020-11-07,1952.286127
2020-11-08,1959.727598
2020-11-09,1867.184303
2020-11-10,1876.457764
2020-11-11,1865.22341
2020-11-12,1875.963527
2020-11-13,1888.098858
2020-11-14,1888.128393
2020-11-15,1890.555729
2020-11-16,1889.423599
2020-11-17,1881.455269
2020-11-18,1871.927176
2020-11-19,1864.253576
2020-11-20,1871.31531
2020-11-21,1871.730321
2020-11-22,1872.431258
2020-11-23,1835.842836
2020-11-24,1808.288524
2020-11-25,1807.321389
2020-11-26,1809.406465
2020-11-27,1787.625516
2020-11-28,1787.37399
2020-11-29,1786.256542
2020-11-30,1778.388822
2020-12-01,1812.585762
2020-12-02,1831.125476
2020-12-03,1840.669276
2020-12-04,1838.375977
2020-12-05,1838.759205
2020-12-06,1835.182279
2020-12-07,1864.489033
2020-12-08,1870.265044
2020-12-09,1836.08502
2020-12-10,1836.764217
2020-12-11,1839.006345
2020-12-12,1838.995908
2020-12-13,1838.184609
2020-12-14,1827.636265
2020-12-15,1852.604935
2020-12-16,1864.756918
2020-12-17,1884.446433
2020-12-18,1880.537922
2020-12-19,1880.476889
2020-12-20,1883.274638
2020-12-21,1878.346536
2020-12-22,1863.201716
2020-12-23,1872.441346
2020-12-24,1876.362064
2020-12-25,1876.115386
2020-12-26,1876.260613
2020-12-27,1887.540346
2020-12-28,1874.81337
2020-12-29,1878.812013
2020-12-30,1894.131559
2020-12-31,1896.225196
2021-01-01,1896.762226
2021-01-02,1896.094046
2021-01-03,1912.722474
2021-01-04,1941.961151
2021-01-05,1949.683213
2021-01-06,1922.034168
2021-01-07,1914.967661
2021-01-08,1848.611738
2021-01-09,1848.787657
2021-01-10,1844.712133
2021-01-11,1846.807385
2021-01-12,1857.193252
2021-01-13,1846.673282
2021-01-14,1847.343608
2021-01-15,1827.453951
2021-01-16,1827.886232
2021-01-17,1811.249672
2021-01-18,1837.471468
2021-01-19,1840.678041
2021-01-20,1870.032346
2021-01-21,1869.583936
2021-01-22,1854.626354
2021-01-23,1855.666277
2021-01-24,1857.786447
2021-01-25,1855.269166
2021-01-26,1851.234798
2021-01-27,1840.657597
2021-01-28,1843.123242
2021-01-29,1846.204517
2021-01-30,1846.261781
2021-01-31,1855.545762
2021-02-01,1858.922453
2021-02-02,1837.433611
2021-02-03,1834.32677
2021-02-04,1794.371314
2021-02-05,1813.035566
2021-02-06,1813.746384
2021-02-07,1818.148761
2021-02-08,1830.752637
2021-02-09,1836.043703
2021-02-10,1841.977382
2021-02-11,1826.77637
2021-02-12,1824.353693
2021-02-13,1824.800869
2021-02-14,1821.311162
2021-02-15,1818.479569
2021-02-16,1790.598679
2021-02-17,1777.956211
2021-02-18,1772.908316
2021-02-19,1783.845895
2021-02-20,1784.614836
2021-02-21,1784.69446
2021-02-22,1810.287305
2021-02-23,1805.371118
2021-02-24,1803.087107
2021-02-25,1770.161804
2021-02-26,1733.792428
2021-02-27,1733.943682
2021-02-28,1739.236301
2021-03-01,1724.186861
2021-03-02,1736.980669
2021-03-03,1710.180679
2021-03-04,1695.519489
2021-03-05,1700.865529
2021-03-06,1700.868293
2021-03-07,1707.169257
2021-03-08,1683.182713
2021-03-09,1715.493415
2021-03-10,1726.650342
2021-03-11,1722.782349
2021-03-12,1726.879366
2021-03-13,1727.115717
2021-03-14,1724.792163
2021-03-15,1730.810683
2021-03-16,1730.85167
2021-03-17,1747.101402
2021-03-18,1736.079881
2021-03-19,1745.087785
2021-03-20,1745.261615
2021-03-21,1738.691982
2021-03-22,1739.124733
2021-03-23,1727.143758
2021-03-24,1734.978471
2021-03-25,1727.176219
2021-03-26,1732.56337
2021-03-27,1732.861995
2021-03-28,1730.552912
2021-03-29,1712.119656
2021-03-30,1685.56028
2021-03-31,1706.998756
2021-04-01,1730.249612
2021-04-02,1731.839115
2021-04-03,1733.342578
2021-04-04,1727.697584
2021-04-05,1729.319543
2021-04-06,1743.055182
2021-04-07,1736.782052
2021-04-08,1754.88314
2021-04-09,1744.063809
2021-04-10,1744.546113
2021-04-11,1742.038882
2021-04-12,1732.585757
2021-04-13,1746.236403
2021-04-14,1736.256109
2021-04-15,1763.597987
2021-04-16,1776.592395
2021-04-17,1776.735426
2021-04-18,1778.1255
2021-04-19,1771.49793
2021-04-20,1776.708071
2021-04-21,1794.24666
2021-04-22,1783.233713
2021-04-23,1776.820449
2021-04-24,1776.640728
2021-04-25,1775.599709
2021-04-26,1779.952968
2021-04-27,1776.131222
2021-04-28,1782.615641
2021-04-29,1772.551843
2021-04-30,1769.13687
2021-05-01,1769.410432
2021-05-02,1769.520018
2021-05-03,1792.389678
2021-05-04,1778.814071
2021-05-05,1785.851142
2021-05-06,1814.969811
2021-05-07,1831.137739
2021-05-08,1831.468288
2021-05-09,1837.407785
2021-05-10,1835.380459
2021-05-11,1835.801513
2021-05-12,1817.090845
2021-05-13,1825.579034
2021-05-14,1843.700678
2021-05-15,1844.456946
2021-05-16,1847.779892
2021-05-17,1868.11408
2021-05-18,1869.195138
2021-05-19,1866.94605
2021-05-20,1874.469226
2021-05-21,1880.653683
2021-05-22,1880.830575
2021-05-23,1883.434254
2021-05-24,1878.248987
2021-05-25,1898.362018
2021-05-26,1896.652912
2021-05-27,1897.204518
2021-05-28,1904.370732
2021-05-29,1904.526106
2021-05-30,1904.453565
2021-05-31,1907.632566
2021-06-01,1898.874594
2021-06-02,1908.076023
2021-06-03,1871.448451
2021-06-04,1890.527222
2021-06-05,1890.805956
2021-06-06,1889.912592
2021-06-07,1898.50108
2021-06-08,1893.410753
2021-06-09,1889.148145
2021-06-10,1898.022734
2021-06-11,1876.563116
2021-06-12,1876.524676
2021-06-13,1873.150264
2021-06-14,1866.127594
2021-06-15,1858.735728
2021-06-16,1816.331533
2021-06-17,1775.415182
2021-06-18,1763.807786
2021-06-19,1764.041773
2021-06-20,1769.613959
2021-06-21,1782.988036
2021-06-22,1777.611719
2021-06-23,1777.452598
2021-06-24,1775.586797
2021-06-25,1781.387567
2021-06-26,1781.911813
2021-06-27,1782.29292
2021-06-28,1778.58476
2021-06-29,1760.914581
2021-06-30,1768.279052
2021-07-01,1776.185365
2021-07-02,1787.743791
2021-07-03,1788.220988
2021-07-04,1786.08107
2021-07-05,1791.722352
2021-07-06,1795.772868
2021-07-07,1803.972404
2021-07-08,1803.797253
2021-07-09,1808.281789
2021-07-10,1808.432722
2021-07-11,1805.771245
2021-07-12,1807.144617
2021-07-13,1806.194986
2021-07-14,1826.131682
2021-07-15,1828.988294
2021-07-16,1811.610988
2021-07-17,1811.971697
2021-07-18,1815.409193
2021-07-19,1811.777923
2021-07-20,1809.379561
2021-07-21,1802.641457
2021-07-22,1807.437548
2021-07-23,1801.810153
2021-07-24,1802.045321
2021-07-25,1801.087857
2021-07-26,1797.84872
2021-07-27,1799.114271
2021-07-28,1808.231154
2021-07-29,1829.882621
2021-07-30,1814.031409
2021-07-31,1814.256427
2021-08-01,1814.338719
2021-08-02,1812.541107
2021-08-03,1810.911281
2021-08-04,1811.585827
2021-08-05,1804.207724
2021-08-06,1763.352531
2021-08-07,1763.683983
2021-08-08,1718.611705
2021-08-09,1731.375884
2021-08-10,1727.756416
2021-08-11,1751.744269
2021-08-12,1753.459236
2021-08-13,1779.279559
2021-08-14,1779.3436
2021-08-15,1779.106177
2021-08-16,1787.91461
2021-08-17,1785.964806
2021-08-18,1788.021266
2021-08-19,1779.526973
2021-08-20,1781.722058
2021-08-21,1782.149986
2021-08-22,1779.0587
2021-08-23,1805.04763
2021-08-24,1802.123737
2021-08-25,1791.497121
2021-08-26,1792.631441
2021-08-27,1817.589164
2021-08-28,1818.049596
2021-08-29,1818.39672
2021-08-30,1810.76783
2021-08-31,1814.287402
2021-09-01,1812.839128
2021-09-02,1809.082422
2021-09-03,1827.264822
2021-09-04,1827.802707
2021-09-05,1827.936351
2021-09-06,1823.8685
2021-09-07,1795.071968
2021-09-08,1790.6119
2021-09-09,1794.93712
2021-09-10,1788.011898
2021-09-11,1788.348907
2021-09-12,1788.109075
2021-09-13,1792.904714
2021-09-14,1804.367845
2021-09-15,1794.352763
2021-09-16,1753.901133
2021-09-17,1754.237659
2021-09-18,1754.278246
2021-09-19,1754.309022
2021-09-20,1764.235308
2021-09-21,1775.169324
2021-09-22,1767.243905
2021-09-23,1744.516478
2021-09-24,1750.329183
2021-09-25,1750.562368
2021-09-26,1748.771488
2021-09-27,1750.816835
2021-09-28,1735.029763
2021-09-29,1728.371269
2021-09-30,1754.72263
2021-10-01,1760.650639
2021-10-02,1760.79588
2021-10-03,1763.45072
2021-10-04,1768.138363
2021-10-05,1759.980936
2021-10-06,1763.394848
2021-10-07,1754.954954
2021-10-08,1757.026953
2021-10-09,1757.206744
2021-10-10,1754.232085
2021-10-11,1753.860532
2021-10-12,1760.321192
2021-10-13,1792.195601
2021-10-14,1795.311385
2021-10-15,1767.222756
2021-10-16,1767.205959
2021-10-17,1770.459877
2021-10-18,1764.092528
2021-10-19,1769.188517
2021-10-20,1782.032726
2021-10-21,1784.463896
2021-10-22,1792.354899
2021-10-23,1792.291355
2021-10-24,1794.832677
2021-10-25,1807.905231
2021-10-26,1792.790768
2021-10-27,1796.235288
2021-10-28,1798.959104
2021-10-29,1782.951958
2021-10-30,1783.02383
2021-10-31,1779.660263
2021-11-01,1792.360436
2021-11-02,1787.75843
2021-11-03,1774.291013
2021-11-04,1791.742653
2021-11-05,1817.576482
2021-11-06,1818.000018
2021-11-07,1815.541031
2021-11-08,1824.553961
2021-11-09,1829.864638
2021-11-10,1848.933939
2021-11-11,1862.065468
2021-11-12,1864.757814
2021-11-13,1865.114891
2021-11-14,1865.636835
2021-11-15,1862.887253
2021-11-16,1850.701631
2021-11-17,1866.449195
2021-11-18,1858.862845
2021-11-19,1845.208017
2021-11-20,1845.512176
2021-11-21,1844.98441
2021-11-22,1807.48551
2021-11-23,1789.727842
2021-11-24,1788.996497
2021-11-25,1790.8487
2021-11-26,1792.560355
2021-11-27,1792.355603
2021-11-28,1790.485354
2021-11-29,1794.399049
2021-11-30,1784.607829
2021-12-01,1771.437637
2021-12-02,1781.462317
2021-12-03,1768.355352
2021-12-04,1782.281675
2021-12-05,1781.213097
2021-12-06,1781.05292
2021-12-07,1781.60476
2021-12-08,1784.001644
2021-12-09,1785.509909
2021-12-10,1783.760113
2021-12-11,1782.939904
2021-12-12,1782.600147
2021-12-13,1786.069905
2021-12-14,1789.100158
2021-12-15,1772.649856
2021-12-16,1783.150052
2021-12-17,1798.929996
2021-12-18,1798.160123
2021-12-19,1797.899873
2021-12-20,1790.8999
2021-12-21,1790.040109
2021-12-22,1804.349999
2021-12-23,1808.850125
2021-12-24,1808.480144
2021-12-25,1814.949887
2021-12-26,1808.26006
2021-12-27,1811.699885
2021-12-28,1806.840118
2021-12-29,1804.159888
2021-12-30,1815.609924
2021-12-31,1829.089845
2022-01-01,1829.240073
2022-01-02,1829.57006
2022-01-03,1803.110113
2022-01-04,1813.370123
2022-01-05,1810.600013
2022-01-06,1790.889958
2022-01-07,1796.640103
2022-01-08,1797.034964
2022-01-09,1795.420135
2022-01-10,1801.458064
2022-01-11,1821.369878
2022-01-12,1821.444854
2022-01-13,1821.499929
2022-01-14,1817.530151
2022-01-15,1817.530151
2022-01-16,1817.782897
2022-01-17,1818.403994
2022-01-18,1814.390073
2022-01-19,1839.387955
2022-01-20,1838.595578
2022-01-21,1834.329925
2022-01-22,1834.369966
2022-01-23,1836.59991
2022-01-24,1842.319893
2022-01-25,1848.75006
2022-01-26,1820.240013
2022-01-27,1797.810016
2022-01-28,1791.669989
2022-01-29,1791.669989
2022-01-30,1790.130153
2022-01-31,1797.660058
2022-02-01,1800.730124
2022-02-02,1798.280089
2022-02-03,1805.859943
2022-02-04,1807.540009
2022-02-05,1808.120123
2022-02-06,1809.710072
2022-02-07,1821.35495
2022-02-08,1820.570075
2022-02-09,1833.515004
2022-02-10,1826.560083
2022-02-11,1858.759899
2022-02-12,1858.50012
2022-02-13,1859.540017
2022-02-14,1862.650048
2022-02-15,1853.790092
2022-02-16,1869.380059
2022-02-17,1899.889863
2022-02-18,1898.109843
2022-02-19,1898.229825
2022-02-20,1904.130096
2022-02-21,1910.22004
2022-02-22,1899.309981
2022-02-23,1910.904827
2022-02-24,1911.519947
2022-02-25,1889.07003
2022-02-26,1889.690096
2022-02-27,1913.399903
2022-02-28,1907.235135
2022-03-01,1942.980139
2022-03-02,1929.407979
2022-03-03,1935.620114
2022-03-04,1970.019844
2022-03-05,1970.839848
2022-03-06,1989.297579
2022-03-07,1981.904813
2022-03-08,2009.349907
2022-03-09,1991.120003
2022-03-10,1998.140131
2022-03-11,1987.740017
2022-03-12,1988.194894
2022-03-13,1974.509867
2022-03-14,1954.139855
2022-03-15,1916.879872
2022-03-16,1927.279876
2022-03-17,1942.010027
2022-03-18,1944.289873
2022-03-19,1920.080121
2022-03-20,1918.429896
2022-03-21,1936.394851
2022-03-22,1920.860177
2022-03-23,1946.825953
2022-03-24,1958.860022
2022-03-25,1958.199874
2022-03-26,1957.900058
2022-03-27,1958.02005
2022-03-28,1922.825107
2022-03-29,1917.859975
2022-03-30,1932.099829
2022-03-31,1936.190143
2022-04-01,1925.12496
2022-04-02,1924.349955
2022-04-03,1923.629967
2022-04-04,1932.099829
2022-04-05,1921.900129
2022-04-06,1920.219857
2022-04-07,1932.360055
2022-04-08,1947.120112
2022-04-09,1947.299835
2022-04-10,1945.359898
2022-04-11,1953.089905
2022-04-12,1965.399921
2022-04-13,1978.740021
2022-04-14,1970.310184
2022-04-15,1972.33018
2022-04-16,1974.399931
2022-04-17,1979.8001
2022-04-18,1976.640068
2022-04-19,1948.850091
2022-04-20,1955.210048
2022-04-21,1952.159977
2022-04-22,1931.529967
2022-04-23,1931.640032
2022-04-24,1931.834822
2022-04-25,1898.797871
2022-04-26,1900.329973
2022-04-27,1884.729918
2022-04-28,1894.04988
2022-04-29,1896.960159
2022-04-30,1896.960159
2022-05-01,1898.690075
2022-05-02,1862.399933
2022-05-03,1868.854971
2022-05-04,1887.240049
2022-05-05,1876.850105
2022-05-06,1873.839976
2022-05-07,1882.960096
2022-05-08,1880.690146
2022-05-09,1854.594935
2022-05-10,1838.399871
2022-05-11,1853.359938
2022-05-12,1820.700012
2022-05-13,1811.45014
2022-05-14,1811.31988
2022-05-15,1811.670017
2022-05-16,1827.465008
2022-05-17,1813.939837
2022-05-18,1816.889844
2022-05-19,1844.089941
2022-05-20,1846.644997
2022-05-21,1846.614989
2022-05-22,1846.339844
2022-05-23,1854.389962
2022-05-24,1866.649892
2022-05-25,1853.259986
2022-05-26,1852.168092
2022-05-27,1852.890157
2022-05-28,1852.890157
2022-05-29,1850.019989
2022-05-30,1852.849989
2022-05-31,1837.765042
2022-06-01,1846.919892
2022-06-02,1869.179841
2022-06-03,1851.160066
2022-06-04,1850.599955
2022-06-05,1852.10017
2022-06-06,1839.449872
2022-06-07,1851.721888
2022-06-08,1854.029994
2022-06-09,1846.48985
2022-06-10,1871.220019
2022-06-11,1871.220019
2022-06-12,1875.865008
2022-06-13,1820.719902
2022-06-14,1809.659965
2022-06-15,1833.349956
2022-06-16,1851.484984
2022-06-17,1839.420097
2022-06-18,1839.420097
2022-06-19,1838.460032
2022-06-20,1837.270052
2022-06-21,1830.860025
2022-06-22,1837.350056
2022-06-23,1823.975095
2022-06-24,1827.229929
2022-06-25,1827.229929
2022-06-26,1831.01792
2022-06-27,1822.849971
2022-06-28,1818.61994
2022-06-29,1818.419866
2022-06-30,1805.79994
2022-07-01,1810.520027
2022-07-02,1810.520027
2022-07-03,1809.699919
2022-07-04,1808.789923
2022-07-05,1767.750156
2022-07-06,1739.655054
2022-07-07,1739.879945
2022-07-08,1742.430143
2022-07-09,1741.899904
2022-07-10,1743.965009
2022-07-11,1733.940074
2022-07-12,1726.060107
2022-07-13,1732.448907
2022-07-14,1711.017963
2022-07-15,1707.21997
2022-07-16,1707.67506
2022-07-17,1709.669996
2022-07-18,1708.499855
2022-07-19,1710.449908
2022-07-20,1695.504945
2022-07-21,1718.190031
2022-07-22,1727.659974
2022-07-23,1727.039954
2022-07-24,1724.390049
2022-07-25,1718.915096
2022-07-26,1718.149882
2022-07-27,1738.144982
2022-07-28,1755.158851
2022-07-29,1766.269862
2022-07-30,1766.269862
2022-07-31,1762.480077
2022-08-01,1771.849877
2022-08-02,1757.580136
2022-08-03,1764.099966
2022-08-04,1792.739905
2022-08-05,1774.879912
2022-08-06,1775.559985
2022-08-07,1774.630136
2022-08-08,1789.219879
2022-08-09,1793.789864
2022-08-10,1791.210102
2022-08-11,1787.640149
2022-08-12,1801.599893
2022-08-13,1802.285009
2022-08-14,1800.040033
2022-08-15,1779.229946
2022-08-16,1775.399847
2022-08-17,1763.730021
2022-08-18,1758.179932
2022-08-19,1747.040121
2022-08-20,1746.310047
2022-08-21,1746.578148
2022-08-22,1735.235058
2022-08-23,1745.694855
2022-08-24,1752.344944
2022-08-25,1756.590023
2022-08-26,1737.954973
2022-08-27,1738.039853
2022-08-28,1734.69986
2022-08-29,1737.489942
2022-08-30,1723.099912
2022-08-31,1708.919998
2022-09-01,1696.520047
2022-09-02,1712.339909
2022-09-03,1712.069904
2022-09-04,1709.139933
2022-09-05,1713.15014
2022-09-06,1701.760079
2022-09-07,1716.760007
2022-09-08,1709.790139
2022-09-09,1716.979901
2022-09-10,1716.979901
2022-09-11,1716.979901
2022-09-12,1724.879927
2022-09-13,1702.074931
2022-09-14,1697.890015
2022-09-15,1662.520065
2022-09-16,1675.394916
2022-09-17,1674.74003
2022-09-18,1678.710012
2022-09-19,1675.634944
2022-09-20,1665.600127
2022-09-21,1670.720112
2022-09-22,1672.140139
2022-09-23,1643.000072
2022-09-24,1643.660083
2022-09-25,1644.034882
2022-09-26,1644.899979
2022-09-27,1628.670065
2022-09-28,1657.780136
2022-09-29,1663.315087
2022-09-30,1660.949954
2022-10-01,1660.63
2022-10-02,1663.000029
2022-10-03,1701.705057
2022-10-04,1724.909977
2022-10-05,1718.249962
2022-10-06,1710.89999
2022-10-07,1695.000004
2022-10-08,1694.769906
2022-10-09,1696.889974
2022-10-10,1669.389998
2022-10-11,1665.130029
2022-10-12,1674.499978
2022-10-13,1664.270118
2022-10-14,1643.690071
2022-10-15,1643.890022
2022-10-16,1646.6001
2022-10-17,1650.680105
2022-10-18,1652.860051
2022-10-19,1626.900077
2022-10-20,1626.069934
2022-10-21,1657.899968
2022-10-22,1657.61993
2022-10-23,1656.929994
2022-10-24,1651.649866
2022-10-25,1651.670053
2022-10-26,1664.929867
2022-10-27,1662.870057
2022-10-28,1644.529923
2022-10-29,1644.384976
2022-10-30,1644.260061
2022-10-31,1632.429985
2022-11-01,1647.089905
2022-11-02,1632.299951
2022-11-03,1629.540041
2022-11-04,1680.590075
2022-11-05,1680.590075
2022-11-06,1675.739961
2022-11-07,1673.749977
2022-11-08,1712.509988
2022-11-09,1708.254988
2022-11-10,1753.499986
2022-11-11,1770.230146
2022-11-12,1770.230146
2022-11-13,1764.279861
2022-11-14,1770.349862
2022-11-15,1779.455053
2022-11-16,1774.500079
2022-11-17,1759.59003
2022-11-18,1750.814917
2022-11-19,1750.95992
2022-11-20,1750.909948
2022-11-21,1746.271623
2022-11-22,1746.755097
2022-11-23,1743.491589
2022-11-24,1755.371745
2022-11-25,1755.148069
2022-11-26,1754.09977
2022-11-27,1754.59744
2022-11-28,1741.570147
2022-11-29,1749.339887
2022-11-30,1753.780142
2022-12-01,1776.95485
2022-12-02,1797.905045
2022-12-03,1797.905045
2022-12-04,1798.825151
2022-12-05,1769.410119
2022-12-06,1772.210045
2022-12-07,1787.139849
2022-12-08,1789.10656
2022-12-09,1797.159948
2022-12-10,1796.469363
2022-12-11,1797.300132
2022-12-12,1782.14014
2022-12-13,1809.509988
2022-12-14,1807.392016
2022-12-15,1776.450098
2022-12-16,1792.5879
2022-12-17,1793.154918
2022-12-18,1790.700106
2022-12-19,1787.189994
2022-12-20,1816.800059
2022-12-21,1815.009841
2022-12-22,1793.680147
2022-12-23,1798.424975
2022-12-24,1797.670076
2022-12-25,1797.670076
2022-12-26,1801.759923
2022-12-27,1805.720052
2022-12-28,1805.91995
2022-12-29,1814.969981
2022-12-30,1824.069916
2022-12-31,1824.069916
2023-01-01,1824.069916
2023-01-02,1829.279893
2023-01-03,1836.399907
2023-01-04,1854.799953
2023-01-05,1832.865067
2023-01-06,1865.486833
2023-01-07,1866.01003
2023-01-08,1869.36014
2023-01-09,1870.500045
2023-01-10,1877.250001
2023-01-11,1876.989961
2023-01-12,1898.020137
2023-01-13,1919.86005
2023-01-14,1920.314993
2023-01-15,1920.316468
2023-01-16,1918.139926
2023-01-17,1908.630062
2023-01-18,1906.989996
2023-01-19,1931.869903
2023-01-20,1926.409983
2023-01-21,1926.409983
2023-01-22,1926.409983
2023-01-23,1931.465053
2023-01-24,1936.979969
2023-01-25,1948.449862
2023-01-26,1930.370009
2023-01-27,1928.469964
2023-01-28,1928.469964
2023-01-29,1928.200002
2023-01-30,1921.999864
2023-01-31,1923.635147
2023-02-01,1952.989969
2023-02-02,1915.089893
2023-02-03,1864.899935
2023-02-04,1865.694963
2023-02-05,1865.409928
2023-02-06,1868.00002
2023-02-07,1872.840147
2023-02-08,1875.090122
2023-02-09,1862.310103
2023-02-10,1865.694963
2023-02-11,1865.350078
2023-02-12,1862.600089
2023-02-13,1854.309843
2023-02-14,1857.564896
2023-02-15,1834.700124
2023-02-16,1834.369966
2023-02-17,1842.319893
2023-02-18,1841.92015
2023-02-19,1842.564983
2023-02-20,1841.820072
2023-02-21,1835.749945
2023-02-22,1825.069964
2023-02-23,1823.179983
2023-02-24,1810.449881
2023-02-25,1810.984964
2023-02-26,1811.750105
2023-02-27,1817.189963
2023-02-28,1825.640056
2023-03-01,1836.199947
2023-03-02,1836.399907
2023-03-03,1855.434903
2023-03-04,1855.159877
2023-03-05,1852.330027
2023-03-06,1846.279848
2023-03-07,1814.050072
2023-03-08,1815.289896
2023-03-09,1831.249951
2023-03-10,1867.269969
2023-03-11,1867.310067
2023-03-12,1875.969876
2023-03-13,1911.080118
2023-03-14,1903.570089
2023-03-15,1921.129932
2023-03-16,1919.500009
2023-03-17,1987.710779
2023-03-18,1988.188174
2023-03-19,1976.49239
2023-03-20,1976.367389
2023-03-21,1942.303486
2023-03-22,1969.091951
2023-03-23,1991.685906
2023-03-24,1978.547793
2023-03-25,1979.58141
2023-03-26,1976.034261
2023-03-27,1957.578491
2023-03-28,1972.173422
2023-03-29,1963.857944
2023-03-30,1979.32359
2023-03-31,1968.681816
2023-04-01,1968.90702
2023-04-02,1968.90702
2023-04-03,1984.313604
2023-04-04,2020.92833
2023-04-05,2020.230997
2023-04-06,2007.946246
2023-04-07,2007.866016
2023-04-08,2008.066
2023-04-09,2004.678921
2023-04-10,1992.2434
2023-04-11,2004.35908
2023-04-12,2024.565675
2023-04-13,2025.842046
2023-04-14,2037.479434
2023-04-15,2004.138948
2023-04-16,2004.234145
2023-04-17,2007.678567
2023-04-18,2003.677951
2023-04-19,2004.083922
2023-04-20,2003.649849
2023-04-21,1987.895703
2023-04-22,1983.263635
2023-04-23,1983.378101
2023-04-24,1983.729845
2023-04-25,1981.443386
2023-04-26,1999.68245
2023-04-27,2000.705048
2023-04-28,1983.713317
2023-04-29,1988.803039
2023-04-30,1990.825084
2023-05-01,1988.455821
2023-05-02,1988.135602
2023-05-03,2016.33961
2023-05-04,2039.994916
2023-05-05,2049.435247
2023-05-06,2032.916992
2023-05-07,2016.459553
2023-05-08,2024.230853
2023-05-09,2032.044942
2023-05-10,2031.200045
2023-05-11,2028.753524
2023-05-12,2007.105555
2023-05-13,2011.548703
2023-05-14,2011.515929
2023-05-15,2015.230711
2023-05-16,2016.419299
2023-05-17,1987.585541
2023-05-18,1984.318329
2023-05-19,1965.207958
2023-05-20,1976.284585
2023-05-21,1976.622095
2023-05-22,1980.123912
2023-05-23,1967.871739
2023-05-24,1976.517392
2023-05-25,1957.33863
2023-05-26,1953.23754
2023-05-27,1945.827766
2023-05-28,1945.525292
2023-05-29,1945.449215
2023-05-30,1938.626948
2023-05-31,1957.113383
2023-06-01,1967.756732
2023-06-02,1979.28363
2023-06-03,1948.663626
2023-06-04,1948.708815
2023-06-05,1942.658548
2023-06-06,1964.03807
2023-06-07,1961.709394
2023-06-08,1945.682763
2023-06-09,1964.108278
2023-06-10,1960.816994
2023-06-11,1960.889663
2023-06-12,1964.295781
2023-06-13,1965.245421
2023-06-14,1944.727348
2023-06-15,1934.042947
2023-06-16,1964.778207
2023-06-17,1956.833429
2023-06-18,1957.293423
2023-06-19,1956.668404
2023-06-20,1952.347112
2023-06-21,1935.194965
2023-06-22,1930.045873
2023-06-23,1918.457499
2023-06-24,1920.122519
2023-06-25,1920.307618
2023-06-26,1931.165909
2023-06-27,1923.228562
2023-06-28,1916.099374
2023-06-29,1908.457405
2023-06-30,1905.49071
2023-07-01,1919.385797
2023-07-02,1919.397954
2023-07-03,1914.708909
2023-07-04,1929.74121
2023-07-05,1923.815742
2023-07-06,1923.916046
2023-07-07,1915.884251
2023-07-08,1925.890575
2023-07-09,1926.066029
2023-07-10,1923.076923
2023-07-11,1934.612796
2023-07-12,1934.197817
2023-07-13,1960.612087
2023-07-14,1956.453646
2023-07-15,1956.068271
2023-07-16,1956.255773
2023-07-17,1957.118745
2023-07-18,1963.928139
2023-07-19,1975.65948
2023-07-20,1984.886282
2023-07-21,1972.403705
2023-07-22,1961.765966
2023-07-23,1962.060037
2023-07-24,1961.391191
2023-07-25,1962.483594
2023-07-26,1963.803951
2023-07-27,1977.641575
2023-07-28,1950.497162
2023-07-29,1959.350146
2023-07-30,1959.350146
2023-07-31,1956.678358
2023-08-01,1961.206165
2023-08-02,1947.369989
2023-08-03,1937.829395
2023-08-04,1936.670113
2023-08-05,1942.854811
2023-08-06,1942.377431
2023-08-07,1942.261612
2023-08-08,1932.040103
2023-08-09,1927.317392
2023-08-10,1918.756768
2023-08-11,1915.245044
2023-08-12,1913.2165
2023-08-13,1913.614834
2023-08-14,1911.740303
2023-08-15,1907.12456
2023-08-16,1904.712201
2023-08-17,1892.486337
2023-08-18,1893.687261
2023-08-19,1889.441593
2023-08-20,1889.397326
2023-08-21,1886.621233
2023-08-22,1894.384646
2023-08-23,1901.403121
2023-08-24,1920.401656
2023-08-25,1916.609472
2023-08-26,1914.553112
2023-08-27,1915.022779
2023-08-28,1915.566429
2023-08-29,1922.54046
2023-08-30,1936.746255
2023-08-31,1946.813067
2023-09-01,1942.378186
2023-09-02,1940.456322
2023-09-03,1939.909744
2023-09-04,1943.668219
2023-09-05,1935.508845
2023-09-06,1925.550515
2023-09-07,1919.32317
2023-09-08,1925.932859
2023-09-09,1919.125002
2023-09-10,1919.105114
2023-09-11,1920.350026
2023-09-12,1922.329802
2023-09-13,1909.317354
2023-09-14,1912.349379
2023-09-15,1923.647729
2023-09-16,1923.587784
2023-09-17,1923.666971
2023-09-18,1926.322777
2023-09-19,1932.658075
2023-09-20,1929.382293
2023-09-21,1924.483276
2023-09-22,1922.817343
2023-09-23,1925.25876
2023-09-24,1925.57684
2023-09-25,1924.222576
2023-09-26,1915.4237
2023-09-27,1900.527168
2023-09-28,1876.719427
2023-09-29,1865.201861
2023-09-30,1848.508789
2023-10-01,1848.628733
2023-10-02,1847.145053
2023-10-03,1823.665082
2023-10-04,1823.597571
2023-10-05,1826.419968
2023-10-06,1820.328813
2023-10-07,1832.717265
2023-10-08,1832.775711
2023-10-09,1848.089962
2023-10-10,1863.109866
2023-10-11,1861.344017
2023-10-12,1875.144972
2023-10-13,1872.550119
2023-10-14,1932.47507
2023-10-15,1932.98309
2023-10-16,1922.510152
2023-10-17,1916.140127
2023-10-18,1928.478145
2023-10-19,1950.499825
2023-10-20,1972.939945
2023-10-21,1980.923312
2023-10-22,1981.164279
2023-10-23,1967.53992
2023-10-24,1977.200115
2023-10-25,1974.514936
2023-10-26,1983.749914
2023-10-27,1984.610142
2023-10-28,2006.644804
2023-10-29,2006.551793
2023-10-30,2003.299835
2023-10-31,1996.356649
2023-11-01,1980.660043
2023-11-02,1985.587415
2023-11-03,1984.410078
2023-11-04,1992.374386
2023-11-05,1992.522065
2023-11-06,1991.557787
2023-11-07,1974.870172
2023-11-08,1969.140031
2023-11-09,1951.095023
2023-11-10,1959.236901
2023-11-11,1938.205737
2023-11-12,1938.237669
2023-11-13,1940.335084
2023-11-14,1945.275888
2023-11-15,1963.190184
2023-11-16,1956.630119
2023-11-17,1984.610142
2023-11-18,1980.689466
2023-11-19,1980.702805
2023-11-20,1980.430181
2023-11-21,1989.470132
2023-11-22,1995.91516
2023-11-23,1993.945186
2023-11-24,1993.118559
2023-11-25,2002.628249
2023-11-26,2003.10401
2023-11-27,2010.03005
2023-11-28,2014.599805
2023-11-29,2047.905842
2023-11-30,2043.571812
2023-12-01,2041.530029
2023-12-02,2071.736357
2023-12-03,2071.774558
2023-12-04,2085.540095
2023-12-05,2035.135806
2023-12-06,2021.70993
2023-12-07,2028.690142
2023-12-08,2032.700046
2023-12-09,2004.407291
2023-12-10,2004.407291
2023-12-11,2001.36413
2023-12-12,1982.930144
2023-12-13,1978.773695
2023-12-14,2033.019903
2023-12-15,2033.043462
2023-12-16,2019.819275
2023-12-17,2019.761753
2023-12-18,2022.019796
2023-12-19,2025.599117
2023-12-20,2036.25553
2023-12-21,2036.126172
2023-12-22,2050.049919
2023-12-23,2053.06938
2023-12-24,2053.182772
2023-12-25,2053.714914
2023-12-26,2063.310197
2023-12-27,2066.654997
2023-12-28,2081.855216
2023-12-29,2069.150171
2023-12-30,2062.712653
2023-12-31,2062.694357
2024-01-01,2063.150563
2024-01-02,2064.688337
2024-01-03,2063.206751
2024-01-04,2042.916361
2024-01-05,2046.762799
2024-01-06,2045.562449
2024-01-07,2045.502615
2024-01-08,2043.024878
2024-01-09,2034.316478
2024-01-10,2031.469081
2024-01-11,2029.668888
2024-01-12,2033.590027
2024-01-13,2049.117343
2024-01-14,2049.120702
2024-01-15,2050.630056
2024-01-16,2051.208839
2024-01-17,2032.460012
2024-01-18,2011.119884
2024-01-19,2023.407588
2024-01-20,2029.426275
2024-01-21,2029.455929
2024-01-22,2029.394974
2024-01-23,2021.136234
2024-01-24,2026.575703
2024-01-25,2016.542911
2024-01-26,2022.725728
2024-01-27,2018.512179
2024-01-28,2018.83696
2024-01-29,2022.336709
2024-01-30,2030.568173
2024-01-31,2034.076063
2024-02-01,2044.7623
2024-02-02,2039.099737
2024-02-03,2039.83346
2024-02-04,2040.174296
2024-02-05,2024.960063
2024-02-06,2036.074351
2024-02-07,2035.910613
2024-02-08,2034.968906
2024-02-09,2024.45829
2024-02-10,2024.484521
2024-02-11,2024.545591
2024-02-12,2023.70446
2024-02-13,2019.722591
2024-02-14,1992.766258
2024-02-15,1992.688825
2024-02-16,2004.695799
2024-02-17,2013.05628
2024-02-18,2013.041287
2024-02-19,2019.639785
2024-02-20,2017.115223
2024-02-21,2026.828726
2024-02-22,2027.695482
2024-02-23,2027.382641
2024-02-24,2035.785444
2024-02-25,2035.797877
2024-02-26,2031.609404
2024-02-27,2033.313814
2024-02-28,2032.65377
2024-02-29,2036.199141
2024-03-01,2044.59131
